author_id,paper_id,title,abstract,year
0,paper_0_0,Improved prediction in neural networks using CNN approaches,This paper presents a novel approach to prediction in the field of neural networks. We propose a CNN-based method that outperforms existing techniques. Our approach leverages advanced CNN architectures to achieve better performance in prediction tasks. Experimental results demonstrate significant improvements over baseline methods in neural networks applications.,2016
0,paper_0_1,Improved analysis in data mining using CNN approaches,This paper presents a novel approach to analysis in the field of data mining. We propose a CNN-based method that outperforms existing techniques. Our approach leverages advanced CNN architectures to achieve better performance in analysis tasks. Experimental results demonstrate significant improvements over baseline methods in data mining applications.,2023
0,paper_0_2,Improved analysis in data mining using deep learning approaches,This paper presents a novel approach to analysis in the field of data mining. We propose a deep learning-based method that outperforms existing techniques. Our approach leverages advanced deep learning architectures to achieve better performance in analysis tasks. Experimental results demonstrate significant improvements over baseline methods in data mining applications.,2018
0,paper_0_3,Improved classification in neural networks using reinforcement learning approaches,This paper presents a novel approach to classification in the field of neural networks. We propose a reinforcement learning-based method that outperforms existing techniques. Our approach leverages advanced reinforcement learning architectures to achieve better performance in classification tasks. Experimental results demonstrate significant improvements over baseline methods in neural networks applications.,2017
100000006,paper_100000006_0,Improved analysis in computer vision using statistical approaches,This paper presents a novel approach to analysis in the field of computer vision. We propose a statistical-based method that outperforms existing techniques. Our approach leverages advanced statistical architectures to achieve better performance in analysis tasks. Experimental results demonstrate significant improvements over baseline methods in computer vision applications.,2019
100000006,paper_100000006_1,Improved classification in neural networks using CNN approaches,This paper presents a novel approach to classification in the field of neural networks. We propose a CNN-based method that outperforms existing techniques. Our approach leverages advanced CNN architectures to achieve better performance in classification tasks. Experimental results demonstrate significant improvements over baseline methods in neural networks applications.,2019
100000006,paper_100000006_2,Improved prediction in data mining using statistical approaches,This paper presents a novel approach to prediction in the field of data mining. We propose a statistical-based method that outperforms existing techniques. Our approach leverages advanced statistical architectures to achieve better performance in prediction tasks. Experimental results demonstrate significant improvements over baseline methods in data mining applications.,2023
100000009,paper_100000009_0,Improved classification in machine learning using CNN approaches,This paper presents a novel approach to classification in the field of machine learning. We propose a CNN-based method that outperforms existing techniques. Our approach leverages advanced CNN architectures to achieve better performance in classification tasks. Experimental results demonstrate significant improvements over baseline methods in machine learning applications.,2019
100000009,paper_100000009_1,Improved classification in natural language using transformer approaches,This paper presents a novel approach to classification in the field of natural language. We propose a transformer-based method that outperforms existing techniques. Our approach leverages advanced transformer architectures to achieve better performance in classification tasks. Experimental results demonstrate significant improvements over baseline methods in natural language applications.,2015
100000009,paper_100000009_2,Improved prediction in natural language using deep learning approaches,This paper presents a novel approach to prediction in the field of natural language. We propose a deep learning-based method that outperforms existing techniques. Our approach leverages advanced deep learning architectures to achieve better performance in prediction tasks. Experimental results demonstrate significant improvements over baseline methods in natural language applications.,2017
100000013,paper_100000013_0,Improved analysis in machine learning using transformer approaches,This paper presents a novel approach to analysis in the field of machine learning. We propose a transformer-based method that outperforms existing techniques. Our approach leverages advanced transformer architectures to achieve better performance in analysis tasks. Experimental results demonstrate significant improvements over baseline methods in machine learning applications.,2021
100000013,paper_100000013_1,Improved analysis in computer vision using statistical approaches,This paper presents a novel approach to analysis in the field of computer vision. We propose a statistical-based method that outperforms existing techniques. Our approach leverages advanced statistical architectures to achieve better performance in analysis tasks. Experimental results demonstrate significant improvements over baseline methods in computer vision applications.,2015
100000013,paper_100000013_2,Improved classification in neural networks using statistical approaches,This paper presents a novel approach to classification in the field of neural networks. We propose a statistical-based method that outperforms existing techniques. Our approach leverages advanced statistical architectures to achieve better performance in classification tasks. Experimental results demonstrate significant improvements over baseline methods in neural networks applications.,2021
100000015,paper_100000015_0,Improved prediction in neural networks using deep learning approaches,This paper presents a novel approach to prediction in the field of neural networks. We propose a deep learning-based method that outperforms existing techniques. Our approach leverages advanced deep learning architectures to achieve better performance in prediction tasks. Experimental results demonstrate significant improvements over baseline methods in neural networks applications.,2021
100000015,paper_100000015_1,Improved analysis in neural networks using transformer approaches,This paper presents a novel approach to analysis in the field of neural networks. We propose a transformer-based method that outperforms existing techniques. Our approach leverages advanced transformer architectures to achieve better performance in analysis tasks. Experimental results demonstrate significant improvements over baseline methods in neural networks applications.,2016
100000015,paper_100000015_2,Improved classification in data mining using transformer approaches,This paper presents a novel approach to classification in the field of data mining. We propose a transformer-based method that outperforms existing techniques. Our approach leverages advanced transformer architectures to achieve better performance in classification tasks. Experimental results demonstrate significant improvements over baseline methods in data mining applications.,2022
100000015,paper_100000015_3,Improved prediction in natural language using statistical approaches,This paper presents a novel approach to prediction in the field of natural language. We propose a statistical-based method that outperforms existing techniques. Our approach leverages advanced statistical architectures to achieve better performance in prediction tasks. Experimental results demonstrate significant improvements over baseline methods in natural language applications.,2019
100000015,paper_100000015_4,Improved optimization in computer vision using transformer approaches,This paper presents a novel approach to optimization in the field of computer vision. We propose a transformer-based method that outperforms existing techniques. Our approach leverages advanced transformer architectures to achieve better performance in optimization tasks. Experimental results demonstrate significant improvements over baseline methods in computer vision applications.,2016
100000017,paper_100000017_0,Improved classification in computer vision using transformer approaches,This paper presents a novel approach to classification in the field of computer vision. We propose a transformer-based method that outperforms existing techniques. Our approach leverages advanced transformer architectures to achieve better performance in classification tasks. Experimental results demonstrate significant improvements over baseline methods in computer vision applications.,2017
100000017,paper_100000017_1,Improved classification in data mining using CNN approaches,This paper presents a novel approach to classification in the field of data mining. We propose a CNN-based method that outperforms existing techniques. Our approach leverages advanced CNN architectures to achieve better performance in classification tasks. Experimental results demonstrate significant improvements over baseline methods in data mining applications.,2020
100000017,paper_100000017_2,Improved analysis in machine learning using reinforcement learning approaches,This paper presents a novel approach to analysis in the field of machine learning. We propose a reinforcement learning-based method that outperforms existing techniques. Our approach leverages advanced reinforcement learning architectures to achieve better performance in analysis tasks. Experimental results demonstrate significant improvements over baseline methods in machine learning applications.,2021
100000017,paper_100000017_3,Improved detection in neural networks using statistical approaches,This paper presents a novel approach to detection in the field of neural networks. We propose a statistical-based method that outperforms existing techniques. Our approach leverages advanced statistical architectures to achieve better performance in detection tasks. Experimental results demonstrate significant improvements over baseline methods in neural networks applications.,2018
100000019,paper_100000019_0,Improved prediction in machine learning using CNN approaches,This paper presents a novel approach to prediction in the field of machine learning. We propose a CNN-based method that outperforms existing techniques. Our approach leverages advanced CNN architectures to achieve better performance in prediction tasks. Experimental results demonstrate significant improvements over baseline methods in machine learning applications.,2018
100000019,paper_100000019_1,Improved detection in data mining using reinforcement learning approaches,This paper presents a novel approach to detection in the field of data mining. We propose a reinforcement learning-based method that outperforms existing techniques. Our approach leverages advanced reinforcement learning architectures to achieve better performance in detection tasks. Experimental results demonstrate significant improvements over baseline methods in data mining applications.,2015
100000019,paper_100000019_2,Improved classification in data mining using reinforcement learning approaches,This paper presents a novel approach to classification in the field of data mining. We propose a reinforcement learning-based method that outperforms existing techniques. Our approach leverages advanced reinforcement learning architectures to achieve better performance in classification tasks. Experimental results demonstrate significant improvements over baseline methods in data mining applications.,2017
100000021,paper_100000021_0,Improved optimization in natural language using deep learning approaches,This paper presents a novel approach to optimization in the field of natural language. We propose a deep learning-based method that outperforms existing techniques. Our approach leverages advanced deep learning architectures to achieve better performance in optimization tasks. Experimental results demonstrate significant improvements over baseline methods in natural language applications.,2018
100000021,paper_100000021_1,Improved prediction in neural networks using transformer approaches,This paper presents a novel approach to prediction in the field of neural networks. We propose a transformer-based method that outperforms existing techniques. Our approach leverages advanced transformer architectures to achieve better performance in prediction tasks. Experimental results demonstrate significant improvements over baseline methods in neural networks applications.,2016
100000021,paper_100000021_2,Improved analysis in machine learning using reinforcement learning approaches,This paper presents a novel approach to analysis in the field of machine learning. We propose a reinforcement learning-based method that outperforms existing techniques. Our approach leverages advanced reinforcement learning architectures to achieve better performance in analysis tasks. Experimental results demonstrate significant improvements over baseline methods in machine learning applications.,2021
100000021,paper_100000021_3,Improved classification in machine learning using statistical approaches,This paper presents a novel approach to classification in the field of machine learning. We propose a statistical-based method that outperforms existing techniques. Our approach leverages advanced statistical architectures to achieve better performance in classification tasks. Experimental results demonstrate significant improvements over baseline methods in machine learning applications.,2015
100000021,paper_100000021_4,Improved detection in computer vision using statistical approaches,This paper presents a novel approach to detection in the field of computer vision. We propose a statistical-based method that outperforms existing techniques. Our approach leverages advanced statistical architectures to achieve better performance in detection tasks. Experimental results demonstrate significant improvements over baseline methods in computer vision applications.,2022
100000022,paper_100000022_0,Improved prediction in data mining using transformer approaches,This paper presents a novel approach to prediction in the field of data mining. We propose a transformer-based method that outperforms existing techniques. Our approach leverages advanced transformer architectures to achieve better performance in prediction tasks. Experimental results demonstrate significant improvements over baseline methods in data mining applications.,2020
100000022,paper_100000022_1,Improved analysis in neural networks using transformer approaches,This paper presents a novel approach to analysis in the field of neural networks. We propose a transformer-based method that outperforms existing techniques. Our approach leverages advanced transformer architectures to achieve better performance in analysis tasks. Experimental results demonstrate significant improvements over baseline methods in neural networks applications.,2017
100000022,paper_100000022_2,Improved classification in natural language using CNN approaches,This paper presents a novel approach to classification in the field of natural language. We propose a CNN-based method that outperforms existing techniques. Our approach leverages advanced CNN architectures to achieve better performance in classification tasks. Experimental results demonstrate significant improvements over baseline methods in natural language applications.,2020
100000023,paper_100000023_0,Improved optimization in computer vision using reinforcement learning approaches,This paper presents a novel approach to optimization in the field of computer vision. We propose a reinforcement learning-based method that outperforms existing techniques. Our approach leverages advanced reinforcement learning architectures to achieve better performance in optimization tasks. Experimental results demonstrate significant improvements over baseline methods in computer vision applications.,2016
100000023,paper_100000023_1,Improved classification in computer vision using statistical approaches,This paper presents a novel approach to classification in the field of computer vision. We propose a statistical-based method that outperforms existing techniques. Our approach leverages advanced statistical architectures to achieve better performance in classification tasks. Experimental results demonstrate significant improvements over baseline methods in computer vision applications.,2015
100000023,paper_100000023_2,Improved analysis in natural language using CNN approaches,This paper presents a novel approach to analysis in the field of natural language. We propose a CNN-based method that outperforms existing techniques. Our approach leverages advanced CNN architectures to achieve better performance in analysis tasks. Experimental results demonstrate significant improvements over baseline methods in natural language applications.,2019
